filename,authors,year,sub_estimate,link,data_source,preference,presentation,task,species_1,species_2,common_name,stimulus,modality,stimulus_type,response_label,weber_reported,exclude,source,notes
abolinsabols2021,Abolins-Abols et al.,2021,,https://www.biorxiv.org/content/10.1101/788505v1.full,Fig 2,innate,sequential,difference,Turdus,reticulata,American Robin,Clutch size,vision,number,discrimination probability,yes,,litsearch,infinite gradient (because abs diff all the same)
agrillo2008,Agrillo et al.,2008,,http://dx.doi.org/10.1007/s10071-008-0140-9,Fig 2; Fig 3,innate,simultaneous,rank,Gambusia,affinis,Mosquitofish,No. conspecifics,vision,number,prop. time with larger shoal,yes,,review,total area is the main stimulus
agrillo2012,Agrillo et al.,2012,,http://dx.doi.org/10.1371/journal.pone.0031923,Figure 4,innate,simultaneous,rank,Poecilia,reticulata,Guppy,No. conspecifics,vision,number,prop. time with larger shoal,yes,,review,
baker2012,Baker et al.,2012,,http://dx.doi.org/10.1016/j.beproc.2011.08.006,Fig. 1,innate,simultaneous,rank,Canis,latrans,Coyote,Quantity of food,vision,size,,yes,,review,
bartsch1993,Bartsch and Schmidt,1993,,http://dx.doi.org/10.1016/0378-5955(93)90240-2,fig 2,conditioned,sequential,difference,Tadarida,brasiliensis,Mexican free-tailed bat,Sound freq.,hearing,frequency,,no,,litsearch,
bee2012,Bee et al. ,2012,,https://www.ncbi.nlm.nih.gov/pmc/articles/PMC3356323/,email mbee@umn.edu,innate,sequential,rank,Hyla,chrysoscelis,Cope's gray treefrog,Call amplitude,hearing,intensity,discrimination probability,yes,,review,
beran2012,Beran,2012,,http://dx.doi.org/10.1037/a0024965,email mjberan@yahoo.com,innate,sequential,rank,Pan,troglodytes,Chimpanzee,Quantity,hearing,number,discrimination probability,yes,,review,
bizo2006,Bizo et al.,2006,,http://dx.doi.org/10.1016/j.beproc.2005.11.006,,conditioned,sequential,rank,Columba,livia,Rock dove,Duration,vision,duration,discrimination probability,yes,,review,
bogale2011,Bogale et al.,2011,,http://dx.doi.org/10.1016/j.anbehav.2011.05.025,Figure 3,conditioned,simultaneous,rank,Corvus,macrorhynchos,Large-billed crow,Quantity,vision,number,discrimination probability,yes,pathological fit,review,kinda trained kinda innate
camarillo2012,Camarillo et al.,2012,,http://dx.doi.org/10.1073/pnas.1219636110,email camarilloliliana@gmail.com,conditioned,sequential,rank,Macaca,mulatta,Rhesus macaque,Vibrotactile freq.,touch,frequency,discrimination probability,no,,litsearch,
caves2023,Caves and Kelley,2023,,https://doi.org/10.1111/ele.14179,https://figshare.com/articles/dataset/Data_for_Caves_Kelley_Proportional_processing_of_a_visual_mate_choice_signal_in_the_green_swordtail_Xiphophorus_hellerii/21701645,innate,simultaneous,rank,Xiphophorus,hellerii,Green swordtail,Body size,vision,size,prop. time with larger fish,yes,,late,new - not from search
colbert2004,Colbert et al.,2004,,https://psycnet.apa.org/doiLanding?doi=10.1037%2F0735-7044.118.6.1409,Figure 1,conditioned,sequential,difference,Rattus,norvegicus,Brown rat,Salt conc.,taste,concentration,,no,pathological fit,litsearch,sample size?
dehnhardt1994,Dehnhardt,1994,,https://link.springer.com/article/10.1007/BF00191851,fig 3A-D,conditioned,simultaneous,rank,Zalophus,californianus,California sea lion,Size,touch,size,,yes,,litsearch,
dehnhardt1996,Dehnhardt and Dücker,1996,,https://link.springer.com/article/10.3758/BF03199008,Figure 3A,conditioned,simultaneous,rank,Zalophus,californianus,California sea lion,Size,touch,size,,yes,,litsearch,
dixit2022,Dixit et al.,2022,,https://royalsocietypublishing.org/doi/10.1098/rspb.2022.0710,https://doi.org/10.5061/dryad.nvx0k6dvh,innate,simultaneous,difference,Prinia,subflava,Tawny-flanked prinia,Egg complexity,vision,complexity,discrimination probability,yes,,litsearch,
firzlaff2006,Firzlaff et al.,2006,,https://www.ncbi.nlm.nih.gov/pmc/articles/PMC6675356/,email schoernich@bio.lmu.de,conditioned,sequential,difference,Phyllostomus,discolor,Pale spear-nosed bat,Echo roughness,hearing,complexity,discrimination probability,no,,litsearch,
frech2012,Frech et al.,2012,,http://dx.doi.org/10.1007/s00359-011-0685-y,Fig 3,conditioned,simultaneous,difference,Carassius,auratus,Goldfish,Distance,vision,size,discrimination probability,yes,,litsearch,
gomezlaplaza2011,Gómez-Laplaza and Gerlai,2011,,http://dx.doi.org/10.1007/s10071-010-0337-6,Fig 2,innate,simultaneous,rank,Pterophyllum,scalare,Angelfish,No. conspecifics,vision,number,prop. time with larger shoal,yes,,review,
hauf2008_abs,Hauf et al.,2008,absolute,http://dx.doi.org/10.1016/j.beproc.2008.01.005,fig 3 top right,conditioned,simultaneous,difference,Gallus,gallus domesticus,Chicken,Size,vision,size,,yes,,litsearch,
hauf2008_rel,Hauf et al.,2008,relative,http://dx.doi.org/10.1016/j.beproc.2008.01.005,fig 3 bottom right,conditioned,simultaneous,rank,Gallus,gallus domesticus,Chicken,Size,vision,size,,yes,,litsearch,
hemingway2018,Hemingway et al.,2018,,https://www.sciencedirect.com/science/article/pii/S0003347218302227,https://figshare.com/articles/dataset/Hemingway_et_al_2018_data_csv/6794081,innate,sequential,rank,Trachops,cirrhosus,Fringe-lipped bat,No. frogs,hearing,number,discrimination probability,yes,,litsearch,
johnston2023,Johnston et al.,2023,,https://www.cell.com/current-biology/abstract/S0960-9822(23)00774-1,https://datadryad.org/stash/share/iAogVMtOcm53SjMNZbNVsMVR4UWmKTutydJWiSPvz-w,innate,sequential,rank,Corvus,corone,Carrion crow,Probability,taste,probability,,yes,,late,ADD TO LITSEARCH RECENT PAPERS
klink2004,Klink and Klump,2004,,http://dx.doi.org/10.1007/s00359-004-0561-0,Fig 1,conditioned,sequential,difference,Mus,musculus,House mouse,Duration,hearing,duration,discrimination probability,yes,,both,
kloepper2010,Kloepper et al.,2010,,https://journals.biologists.com/jeb/article/213/21/3717/9986/Decreased-echolocation-performance-following-high,Fig 2,conditioned,sequential,difference,Pseudorca,crassidens,False killer whale,Thickness,hearing,size,,no,,litsearch,
kwek2023,Kwek et al.,2023,,https://onlinelibrary.wiley.com/doi/abs/10.1111/1365-2435.14400,https://doi.org/10.5061/dryad.63xsj3v62,innate,simultaneous,rank,Siler,semiglaucus,Jade jumping spider,Contrast,vision,contrast,discrimination performance,yes,pathological fit,late,
labarbera2020,LaBarbera et al.,2020,,https://doi.org/10.1016/j.anbehav.2020.08.014,https://doi.org/10.13020/csvf-0w22.,innate,simultaneous,rank,Hyla,chrysoscelis,Cope's gray treefrog,Call pulse no.,hearing,number,discrimination probability,yes,,litsearch,
lemus2009,Lemus et al.,2009,,http://dx.doi.org/10.1073/pnas.0907505106,Fig 1B,conditioned,sequential,rank,Macaca,mulatta,Rhesus macaque,Sound flutter freq.,hearing,frequency,discrimination probability,no,,litsearch,
liu2005,Liu and Newsome,2005,,http://dx.doi.org/10.1523/JNEUROSCI.4034-04.2005,Figure 2,conditioned,simultaneous,rank,Macaca,mulatta,Rhesus macaque,Speed,vision,speed,discrimination probability,no,,litsearch,only some of the data - should have multiple refs but don't have
mayrhofer2013,Mayrhofer et al.,2013,,http://dx.doi.org/10.1152/jn.00488.2012,Fig 3,conditioned,simultaneous,difference,Rattus,norvegicus,Brown rat,Vibrotactile freq.,touch,frequency,discrimination probability,no,,litsearch,
musall2014,Musall et al.,2014,,http://dx.doi.org/10.1038/nn.3821,Figure 1f,conditioned,simultaneous,difference,Rattus,norvegicus,Brown rat,Vibrotactile freq,touch,frequency,discrimination probability,no,,litsearch,
nachev2013_bats,Nachev et al.,2013,bats,https://journals.plos.org/plosone/article?id=10.1371/journal.pone.0074144,email vladislav.nachev@hu-berlin.de,innate,simultaneous,rank,Glossophaga,soricina,Pallas's long-tongued bat,Sugar conc.,taste,concentration,discrimination probability,yes,,review,
nachev2013_batscr,Nachev et al.,2012,,https://journals.plos.org/plosone/article?id=10.1371/journal.pone.0074144,email vladislav.nachev@hu-berlin.de,innate,simultaneous,rank,Glossophaga,commissarisi,Commissaris's long-tongued bat,Sugar conc.,taste,concentration,discrimination probability,yes,,review,
nachev2013_bumblebees,Nachev et al.,2013,bumblebees,https://journals.plos.org/plosone/article?id=10.1371/journal.pone.0074144,email vladislav.nachev@hu-berlin.de,innate,simultaneous,rank,Bombus,impatiens,Common eastern bumble bee,Sugar conc.,taste,concentration,discrimination probability,yes,,both,
nachev2013_honeybees,Sanderson,2006,,https://journals.plos.org/plosone/article?id=10.1371/journal.pone.0074144,email vladislav.nachev@hu-berlin.de,innate,simultaneous,rank,Apis,mellifera,Western honey bee,Sugar conc.,taste,concentration,discrimination probability,no,,review,
nachev2013_hummingbirds,Hainsworth and Wolf,1976,,https://journals.plos.org/plosone/article?id=10.1371/journal.pone.0074144,email vladislav.nachev@hu-berlin.de,innate,simultaneous,rank,,Trochilidae,Hummingbird,Sugar conc.,taste,concentration,discrimination probability,no,,review,
nieder2003,Nieder and Miller,2003,,http://dx.doi.org/10.1016/S0896-6273(02)01144-3,Figure 3,conditioned,sequential,difference,Macaca,mulatta,Rhesus macaque,Quantity,vision,number,discrimination probability,yes,,review,
pacheco2014_arena,Pacheco and Bertram,2014,arena,http://dx.doi.org/10.7717/peerj.437,supplemental,innate,simultaneous,rank,Gryllus,assimilis,Jamaican field cricket,Call amplitude,hearing,volume,Z score (arena phonotaxis),no,,litsearch,arena
pacheco2014_trackball,Pacheco and Bertram,2014,trackball,http://dx.doi.org/10.7717/peerj.437,supplemental,innate,simultaneous,rank,Gryllus,assimilis,Jamaican field cricket,Call amplitude,hearing,volume,Z score (trackball phonotaxis),no,,litsearch,trackball
perna2012,Perna et al.,2012,,http://dx.doi.org/10.1371/journal.pcbi.1002592,email andrea.perna@roehampton.ac.uk,innate,simultaneous,rank,Linepithema,humile,Argentine ant,Pheromone conc.,smell,concentration,discrimination probability,yes,,review,potentially made some different choices analysing this one
romo2003,Romo et al.,2003,,http://dx.doi.org/10.1016/S0896-6273(03)00287-3,Figure 1 B,conditioned,sequential,rank,Macaca,mulatta,Rhesus macaque,Vibrotactile freq,touch,frequency,,no,no sample size,litsearch,
salinas2000,Salinas et al.,2000,,http://dx.doi.org/10.1523/JNEUROSCI.20-14-05503.2000,Fig. 1 b and c,conditioned,sequential,difference,Macaca,mulatta,Rhesus macaque,Sound freq.,hearing,frequency,discrimination probability,no,,litsearch,
sanayei2018,Sanayei et al.,2018,,http://dx.doi.org/10.1038/s41467-018-06698-w,Supplementary table 1,conditioned,sequential,rank,Macaca,mulatta,Rhesus macaque,Visual contrast level,vision,contrast,discrimination probability,no,,litsearch,
schulze1999,Schulze and Scheich,1999,,https://www.sciencedirect.com/science/article/pii/S0304394098009914?via%3Dihub,Fig. 1,conditioned,sequential,difference,Meriones,unguiculatus,Mongolian gerbil,Sound freq.,hearing,frequency,,no,,litsearch,
schwartz2001_percall,Schwartz et al.,2001,per call,https://link.springer.com/article/10.1007/s002650100317,email jschwartz2@pace.edu,innate,simultaneous,rank,Hyla,versicolor,Eastern gray treefrog,Pulses per call,hearing,number,discrimination probability,no,,litsearch,
schwartz2001_total,Schwartz et al.,2001,total,https://link.springer.com/article/10.1007/s002650100317,email jschwartz2@pace.edu,innate,simultaneous,rank,Hyla,versicolor,Eastern gray treefrog,Call pulse no.,hearing,number,discrimination probability,no,,litsearch,
schwarz2001,Schwarz and von der Emde,2001,,https://link.springer.com/article/10.1007/s003590000170,Fig 3A,conditioned,simultaneous,rank,Gnathonemus,petersii,Peters's elephantnose fish,Distance,electroreception,size,discrimination probability,no,,litsearch,
stubbs1994,Stubbs et al.,1994,,https://europepmc.org/backend/ptpmcrender.fcgi?accid=PMC1334364&blobtype=pdf,Fig 6B,conditioned,sequential,rank,Columba,livia,Rock dove,Duration,vision,duration,,yes,,litsearch,
talwar2001,Talwar and Gerstein,2001,,http://dx.doi.org/10.1152/jn.2001.86.4.1555,Table 2,conditioned,sequential,difference,Rattus,norvegicus,Brown rat,Sound freq.,hearing,frequency,discrimination probability,no,,litsearch,
tumulty2001_duration,Tumulty et al.,2022,duration,https://doi.org/10.1086/720279,https://doi.org/10.5061/dryad.1rn8pk0vr,innate,sequential,difference,Anomaloglossus,beebei,Golden rocket frog,Call pulse duration,hearing,duration,discrimination performance,no,,litsearch,habituation-dishabituation
tumulty2022_interval,Tumulty et al.,2022,interval,https://doi.org/10.1086/720279,https://doi.org/10.5061/dryad.1rn8pk0vr,innate,sequential,difference,Anomaloglossus,beebei,Golden rocket frog,Call pulse interval,hearing,duration,discrimination performance,no,,litsearch,habituation-dishabituation
tumulty2022_period,Tumulty et al.,2022,period,https://doi.org/10.1086/720279,https://doi.org/10.5061/dryad.1rn8pk0vr,innate,sequential,difference,Anomaloglossus,beebei,Golden rocket frog,Call pulse period,hearing,duration,discrimination performance,no,,litsearch,habituation-dishabituation
vandenberg2020,van den Berg et al.,2020,,https://journals.biologists.com/jeb/article/223/21/jeb232090/226160/More-than-noise-context-dependent-luminance,https://espace.library.uq.edu.au/view/UQ:5180fb1,conditioned,simultaneous,difference,Rhinecanthus,aculeatus,Lagoon triggerfish,Luminance,vision,intensity,discrimination probability,no,,litsearch,find out more about stimuli
vonderemde1994,von der Emde and Ronacher,1994,,http://dx.doi.org/10.1007/BF00191852,fig 4a-b,conditioned,simultaneous,difference,Gnathonemus,petersii,Peters's elephantnose fish,Amplitude,electroreception,intensity,discrimination probability,no,,litsearch,electric stimuli
vonstebut2001,von Stebut and Schmidt,2001,,https://www.scopus.com/inward/record.uri?eid=2-s2.0-0034936974&doi=10.1007%2fs003590100200&partnerID=40&md5=2f9a5435decc39edadcaacb6bfb5639b,Fig 2,conditioned,sequential,rank,Eptesicus,fuscus,Big brown bat,Sound freq.,hearing,frequency,discrimination probability,no,,litsearch,
iwanir2019_salts,Iwanir et al.,2019,salts,https://www.nature.com/articles/s41467-019-11163-3,Supplementary data 1,innate,simultaneous,rank,Caenorhabditis,elegans,Roundworm,Concentration,taste,intensity,chemotaxis index,no,,litsearch,
iwanir2019_volatiles,Iwanir et al.,2019,volatiles,https://www.nature.com/articles/s41467-019-11163-3,Supplementary data 1,innate,simultaneous,rank,Caenorhabditis,elegans,Roundworm,Concentration,smell,intensity,chemotaxis index,no,,litsearch,
hampson2010_duration,Hampson et al.,2010,duration,https://journals.lww.com/behaviouralpharm/fulltext/2010/02000/comparison_of_the_effects_of.2.aspx,,conditioned,sequential,rank,Rattus,norvegicus,Brown rat,Duration,vision,duration,,no,,litsearch,
hampson2010_intensity,Hampson et al.,2010,light intensity,https://journals.lww.com/behaviouralpharm/fulltext/2010/02000/comparison_of_the_effects_of.2.aspx,,conditioned,sequential,rank,Rattus,norvegicus,Brown rat,Light intensity,vision,intensity,,no,,litsearch,
romo2002,Romo et al.,2002,,https://www.nature.com/articles/nn950,Fig 1 b-e,conditioned,sequential,rank,Macaca,mulatta,Rhesus macaque,Vibrotactile frequency,touch,frequency,,no,no sample size,litsearch,
limousin2009,Limousin and Greenfield,2009,,https://doi.org/10.1242/jeb.035345,,innate,simultaneous,rank,Achroia,grisella,Lesser wax moth,Sound amplitude,hearing,intensity,,no,pathological fit,litsearch,
maier1990,Maier and Klump,1990,,http://dx.doi.org/10.1121/1.399765,Fig. 1,conditioned,sequential,difference,Sturnus,vulgaris,Common starling,Sound freq.,hearing,frequency,discrimination d',yes,,litsearch,
liu2010,Liu et al. ,2010,,http://dx.doi.org/10.1016/j.bbr.2010.06.013,Fig. 3,conditioned,sequential,difference,Felis,catus,Cat,Duration,hearing,duration,discrimination probability,no,pathological fit,litsearch,
romo2004,Romo et al.,2004,,https://www.sciencedirect.com/science/article/pii/S0896627303008171?via%3Dihub,Figure 1 B-D,conditioned,sequential,rank,Macaca,mulatta,Rhesus macaque,Vibrotactile freq.,touch,frequency,discrimination probability,no,no sample size,litsearch,
lind2013,Lind et al.,2013,,https://journals.plos.org/plosone/article?id=10.1371/journal.pone.0054650,Figure 2,conditioned,simultaneous,rank,Melopsittacus,undulatus,Budgerigar,Brightness,vision,intensity,discrimination probability,no,,litsearch,
benozzo2022,Benozzo et al.,2022,,http://dx.doi.org/10.1093/cercor/bhac253,fig 2C,conditioned,sequential,rank,Macaca,mulatta,Rhesus macaque,distance,vision,size,discrimination probability,yes,,litsearch,contraction bias mentioned
